Year,Bioenergy,Coal,Hydro,Other fossil,Solar
2000,0.0,3.73,3.19,0.07,0.0
2001,0.0,4.91,2.96,0.03,0.0
2002,0.0,4.76,3.81,0.01,0.0
2003,0.0,3.44,5.34,0.01,0.0
2004,0.0,4.2,5.5,0.02,0.0
2005,0.0,4.43,4.91,0.02,0.0
2006,0.1,2.53,5.31,0.04,0.0
2007,0.06,2.13,5.38,0.03,0.0
2008,0.08,1.81,5.71,0.03,0.0
2009,0.06,1.75,5.46,0.02,0.0
2010,0.07,2.75,5.8,0.02,0.0
2011,0.09,3.84,5.2,0.04,0.0
2012,0.12,3.59,5.39,0.05,0.0
2013,0.13,4.35,5.0,0.06,0.0
2014,0.01,4.4,5.43,0.02,0.0
2015,0.04,4.54,4.99,0.01,0.01
2016,0.23,3.91,2.98,0.04,0.01
2017,0.15,3.38,3.97,0.04,0.01
2018,0.19,4.13,5.05,0.05,0.01
2019,0.19,4.05,4.17,0.05,0.02
2020,0.1,2.74,3.81,0.04,0.02
2021,0.11,2.51,5.93,0.0,0.02
2022,0.11,2.92,5.88,0.0,0.03
2023,0.12,4.38,5.46,0.0,0.03
2024,0.12,4.4,5.7,0.0,0.04
